,Epoch,Node_ID,Node_Type,Subnet_ID,List_Type,Trust_Value,Malicious_Status,Trust_Score,Top_10_Trust
0,0,1,,1,XXXX,1,False,,
0,0,2,,2,XXXX,1,False,,
0,0,3,,3,XXXX,1,False,,
0,0,4,,4,XXXX,1,False,,
0,0,5,,1,XXXX,0,False,,
0,0,6,,1,XXXX,0,False,,
0,0,7,,1,XXXX,0,False,,
0,0,8,,1,XXXX,0,False,,
0,0,9,,2,XXXX,0,False,,
0,0,10,,2,XXXX,0,False,,
0,0,11,,2,XXXX,0,False,,
0,0,12,,2,XXXX,0,False,,
0,0,13,,3,XXXX,0,False,,
0,0,14,,3,XXXX,0,False,,
0,0,15,,3,XXXX,0,False,,
0,0,16,,3,XXXX,0,False,,
0,0,17,,4,XXXX,0,False,,
0,0,18,,4,XXXX,0,False,,
0,0,19,,4,XXXX,0,False,,
0,0,20,,4,XXXX,0,False,,
0,1,1,F,1,W,0.8,False,-0.1,True
0,1,2,F,2,W,0.9,False,0.0,True
0,1,3,F,3,W,0.8,False,-0.1,False
0,1,4,F,4,W,0.8,False,-0.1,False
0,1,5,L,1,G,-0.0,False,-0.2,False
0,1,6,L,1,G,-0.0,False,-0.2,False
0,1,7,L,1,G,0.0,False,0.1,False
0,1,8,L,1,G,0.0,False,-0.0,False
0,1,9,L,2,G,-0.0,False,-0.1,False
0,1,10,L,2,G,0.0,False,0.0,False
0,1,11,L,2,G,0.0,False,0.2,False
0,1,12,L,2,G,0.0,False,0.1,False
0,1,13,L,3,G,0.0,False,-0.0,False
0,1,14,L,3,G,0.0,False,0.1,False
0,1,15,L,3,G,-0.0,False,-0.1,False
0,1,16,L,3,G,0.0,False,0.1,False
0,1,17,L,4,G,0.0,False,0.1,False
0,1,18,L,4,G,-0.0,False,-0.2,False
0,1,19,L,4,G,-0.0,False,-0.2,False
0,1,20,L,4,G,-0.0,False,-0.1,False
0,2,1,F,1,W,0.8,False,0.1,True
0,2,2,F,2,W,0.8,False,-0.1,True
0,2,3,F,3,W,0.7,False,-0.2,False
0,2,4,F,4,W,0.8,False,0.0,False
0,2,5,L,1,G,-0.0,False,-0.1,False
0,2,6,L,1,G,0.0,False,0.1,False
0,2,7,L,1,G,0.0,False,0.3,False
0,2,8,L,1,G,0.0,False,0.1,False
0,2,9,L,2,G,0.0,False,0.3,False
0,2,10,L,2,G,-0.0,False,-0.3,False
0,2,11,L,2,G,-0.0,False,-0.3,False
0,2,12,L,2,G,0.1,False,0.4,False
0,2,13,L,3,G,0.0,False,0.1,False
0,2,14,L,3,G,0.0,False,0.2,False
0,2,15,L,3,G,0.0,False,0.0,False
0,2,16,L,3,G,-0.0,False,-0.2,False
0,2,17,L,4,G,0.0,False,0.0,False
0,2,18,L,4,G,-0.0,False,-0.1,False
0,2,19,L,4,G,0.0,False,0.3,False
0,2,20,L,4,G,0.0,False,0.0,False
0,3,1,F,1,W,0.7,False,-0.1,True
0,3,2,F,2,W,0.7,False,-0.3,True
0,3,3,F,3,W,0.7,False,0.1,False
0,3,4,F,4,W,0.8,False,0.2,False
0,3,5,L,1,G,0.0,False,0.0,False
0,3,6,L,1,G,0.0,False,0.2,False
0,3,7,L,1,G,0.0,False,0.0,False
0,3,8,L,1,G,-0.0,False,-0.2,False
0,3,9,L,2,G,0.0,False,0.3,False
0,3,10,L,2,G,0.0,False,0.1,False
0,3,11,L,2,G,-0.0,False,-0.1,False
0,3,12,L,2,G,0.1,False,0.4,False
0,3,13,L,3,G,-0.0,False,-0.1,False
0,3,14,L,3,G,0.0,False,0.0,False
0,3,15,L,3,G,0.0,False,-0.0,False
0,3,16,L,3,G,0.0,False,-0.0,False
0,3,17,L,4,G,-0.0,False,-0.1,False
0,3,18,L,4,G,0.0,False,0.0,False
0,3,19,L,4,G,0.0,False,0.2,False
0,3,20,L,4,G,0.0,False,0.1,False
0,4,1,F,1,W,0.7,False,-0.3,True
0,4,2,F,2,W,0.7,False,0.0,False
0,4,3,F,3,W,0.7,False,0.2,False
0,4,4,F,4,W,0.8,False,0.2,True
0,4,5,L,1,G,0.0,False,0.2,False
0,4,6,L,1,G,0.1,False,0.4,False
0,4,7,L,1,G,0.0,False,0.0,False
0,4,8,L,1,G,-0.0,False,-0.2,False
0,4,9,L,2,G,0.0,False,0.1,False
0,4,10,L,2,G,0.0,False,0.2,False
0,4,11,L,2,G,0.0,False,0.0,False
0,4,12,L,2,G,0.1,False,0.4,False
0,4,13,L,3,G,-0.0,False,-0.2,False
0,4,14,L,3,G,-0.0,False,-0.1,False
0,4,15,L,3,G,0.0,False,0.0,False
0,4,16,L,3,G,0.0,False,0.2,False
0,4,17,L,4,G,-0.0,False,-0.2,False
0,4,18,L,4,G,0.0,False,0.1,False
0,4,19,L,4,G,0.0,False,0.2,False
0,4,20,L,4,G,0.0,False,0.2,False
0,5,1,F,1,W,0.7,False,0.1,True
0,5,2,F,2,W,0.7,False,-0.2,False
0,5,3,F,3,W,0.7,False,-0.1,False
0,5,4,F,4,W,0.7,False,-0.0,True
0,5,5,L,1,G,0.0,False,-0.0,False
0,5,6,L,1,G,-0.0,False,-0.4,False
0,5,7,L,1,G,0.0,False,0.1,False
0,5,8,L,1,G,-0.0,False,-0.3,False
0,5,9,L,2,G,-0.0,False,-0.1,False
0,5,10,L,2,G,0.0,False,0.0,False
0,5,11,L,2,G,0.0,False,0.0,False
0,5,12,L,2,G,0.1,False,0.1,False
0,5,13,L,3,G,0.0,False,0.1,False
0,5,14,L,3,G,-0.0,False,-0.2,False
0,5,15,L,3,G,0.0,False,0.0,False
0,5,16,L,3,G,0.0,False,0.0,False
0,5,17,L,4,G,0.0,False,0.1,False
0,5,18,L,4,G,-0.0,False,-0.1,False
0,5,19,L,4,G,0.1,False,0.4,False
0,5,20,L,4,G,0.0,False,-0.0,False
0,6,1,F,1,W,0.6,False,0.1,True
0,6,2,F,2,W,0.6,False,-0.4,True
0,6,3,F,3,W,0.6,False,-0.1,False
0,6,4,F,4,W,0.7,False,0.1,False
0,6,5,L,1,G,-0.0,False,-0.1,False
0,6,6,L,1,G,0.0,False,-0.1,False
0,6,7,L,1,G,0.0,False,0.0,False
0,6,8,L,1,G,-0.0,False,-0.1,False
0,6,9,L,2,G,0.0,False,-0.0,False
0,6,10,L,2,G,0.0,False,0.3,False
0,6,11,L,2,G,0.0,False,0.1,False
0,6,12,L,2,G,0.0,False,-0.2,False
0,6,13,L,3,G,-0.0,False,-0.1,False
0,6,14,L,3,G,0.0,False,0.1,False
0,6,15,L,3,G,0.0,False,0.2,False
0,6,16,L,3,G,0.0,False,0.3,False
0,6,17,L,4,G,0.0,False,0.0,False
0,6,18,L,4,G,0.0,False,0.0,False
0,6,19,L,4,G,0.0,False,0.1,False
0,6,20,L,4,G,0.0,False,0.0,False
0,7,1,F,1,W,0.6,False,-0.2,True
0,7,2,F,2,W,0.5,False,-0.4,False
0,7,3,F,3,W,0.6,False,0.0,False
0,7,4,F,4,W,0.7,False,0.2,True
0,7,5,L,1,G,-0.0,False,-0.1,False
0,7,6,L,1,G,0.0,False,0.0,False
0,7,7,L,1,G,-0.0,False,-0.1,False
0,7,8,L,1,G,0.0,False,0.3,False
0,7,9,L,2,G,0.0,False,0.0,False
0,7,10,L,2,G,0.0,False,0.3,False
0,7,11,L,2,G,0.0,False,0.3,False
0,7,12,L,2,G,0.1,False,0.1,False
0,7,13,L,3,G,0.0,False,0.3,False
0,7,14,L,3,G,0.0,False,0.1,False
0,7,15,L,3,G,0.0,False,0.0,False
0,7,16,L,3,G,-0.0,False,-0.1,False
0,7,17,L,4,G,-0.0,False,-0.1,False
0,7,18,L,4,G,-0.0,False,-0.2,False
0,7,19,L,4,G,-0.0,False,-0.3,False
0,7,20,L,4,G,-0.0,False,-0.2,False
0,8,1,F,1,W,0.6,False,0.0,True
0,8,2,F,2,W,0.5,False,-0.2,False
0,8,3,F,3,W,0.6,False,-0.0,False
0,8,4,F,4,W,0.7,False,0.3,True
0,8,5,L,1,G,-0.0,False,-0.2,False
0,8,6,L,1,G,0.0,False,-0.1,False
0,8,7,L,1,G,-0.0,False,-0.3,False
0,8,8,L,1,G,-0.0,False,-0.2,False
0,8,9,L,2,G,0.0,False,0.2,False
0,8,10,L,2,G,-0.0,False,-0.1,False
0,8,11,L,2,G,0.0,False,0.1,False
0,8,12,L,2,G,0.1,False,-0.0,False
0,8,13,L,3,G,-0.0,False,-0.2,False
0,8,14,L,3,G,0.0,False,0.2,False
0,8,15,L,3,G,-0.0,False,-0.1,False
0,8,16,L,3,G,-0.0,False,-0.1,False
0,8,17,L,4,G,-0.0,False,-0.1,False
0,8,18,L,4,G,-0.0,False,-0.3,False
0,8,19,L,4,G,0.0,False,-0.1,False
0,8,20,L,4,G,0.0,False,0.0,False
0,9,1,F,1,W,0.6,False,0.3,True
0,9,2,F,2,W,0.5,False,0.1,False
0,9,3,F,3,W,0.5,False,-0.1,False
0,9,4,F,4,W,0.6,False,0.2,True
0,9,5,L,1,G,-0.0,False,-0.2,False
0,9,6,L,1,G,0.0,False,0.0,False
0,9,7,L,1,G,0.0,False,0.1,False
0,9,8,L,1,G,0.1,False,0.4,False
0,9,9,L,2,G,-0.0,False,-0.1,False
0,9,10,L,2,G,0.0,False,-0.0,False
0,9,11,L,2,G,0.0,False,-0.0,False
0,9,12,L,2,G,0.0,False,-0.2,False
0,9,13,L,3,G,0.0,False,0.1,False
0,9,14,L,3,G,-0.0,False,-0.3,False
0,9,15,L,3,G,0.0,False,0.2,False
0,9,16,L,3,G,0.0,False,0.1,False
0,9,17,L,4,G,-0.0,False,-0.1,False
0,9,18,L,4,G,0.0,False,0.0,False
0,9,19,L,4,G,0.0,False,0.1,False
0,9,20,L,4,G,0.1,False,0.4,False
0,10,1,F,1,W,0.5,False,0.1,True
0,10,2,F,2,W,0.5,False,-0.1,False
0,10,3,F,3,W,0.5,False,-0.1,False
0,10,4,F,4,W,0.6,False,-0.0,True
0,10,5,L,1,G,0.0,False,0.1,False
0,10,6,L,1,G,0.0,False,-0.0,False
0,10,7,L,1,G,-0.0,False,-0.1,False
0,10,8,L,1,G,0.0,False,-0.0,False
0,10,9,L,2,G,0.0,False,-0.0,False
0,10,10,L,2,G,-0.0,False,-0.1,False
0,10,11,L,2,G,0.0,False,-0.0,False
0,10,12,L,2,G,0.1,False,0.0,False
0,10,13,L,3,G,0.0,False,0.3,False
0,10,14,L,3,G,0.0,False,0.1,False
0,10,15,L,3,G,0.0,False,0.2,False
0,10,16,L,3,G,-0.0,False,-0.1,False
0,10,17,L,4,G,0.0,False,0.2,False
0,10,18,L,4,G,0.0,False,0.1,False
0,10,19,L,4,G,0.0,False,-0.1,False
0,10,20,L,4,G,0.0,False,-0.1,False
0,11,1,F,1,W,0.5,False,0.0,True
0,11,2,F,2,W,0.4,False,0.0,False
0,11,3,F,3,W,0.5,False,0.1,False
0,11,4,F,4,W,0.6,False,-0.1,True
0,11,5,L,1,G,0.0,False,-0.0,False
0,11,6,L,1,G,-0.0,False,-0.3,False
0,11,7,L,1,G,-0.0,False,-0.3,False
0,11,8,L,1,G,0.0,False,-0.0,False
0,11,9,L,2,G,0.0,False,0.0,False
0,11,10,L,2,G,-0.0,False,-0.2,False
0,11,11,L,2,G,0.0,False,0.0,False
0,11,12,L,2,G,0.0,False,-0.2,False
0,11,13,L,3,G,-0.0,False,-0.2,False
0,11,14,L,3,G,0.0,False,0.1,False
0,11,15,L,3,G,-0.0,False,-0.1,False
0,11,16,L,3,G,0.0,False,-0.0,False
0,11,17,L,4,G,0.0,False,0.0,False
0,11,18,L,4,G,-0.0,False,-0.2,False
0,11,19,L,4,G,0.0,False,0.3,False
0,11,20,L,4,G,0.0,False,-0.0,False
0,12,1,F,1,W,0.5,False,0.2,True
0,12,2,F,2,G,0.5,False,0.3,False
0,12,3,F,3,W,0.5,False,-0.0,False
0,12,4,F,4,W,0.5,False,-0.1,True
0,12,5,L,1,G,-0.1,False,-0.4,False
0,12,6,L,1,G,-0.0,False,-0.1,False
0,12,7,L,1,G,-0.0,False,-0.1,False
0,12,8,L,1,G,0.0,False,0.1,False
0,12,9,L,2,G,0.0,False,0.2,False
0,12,10,L,2,G,0.0,False,0.1,False
0,12,11,L,2,G,0.0,False,0.1,False
0,12,12,L,2,G,0.1,False,-0.0,False
0,12,13,L,3,G,0.0,False,0.2,False
0,12,14,L,3,G,0.0,False,0.0,False
0,12,15,L,3,G,-0.0,False,-0.2,False
0,12,16,L,3,G,0.0,False,0.0,False
0,12,17,L,4,G,-0.0,False,-0.2,False
0,12,18,L,4,G,-0.0,False,-0.2,False
0,12,19,L,4,G,0.0,False,0.1,False
0,12,20,L,4,G,0.0,False,0.1,False
0,13,1,F,1,W,0.5,False,0.1,True
0,13,2,F,2,W,0.5,False,0.5,True
0,13,3,F,3,W,0.4,False,-0.1,False
0,13,4,F,4,W,0.5,False,-0.0,False
0,13,5,L,1,G,0.0,False,0.4,False
0,13,6,L,1,G,0.1,False,0.4,False
0,13,7,L,1,G,-0.0,False,-0.2,False
0,13,8,L,1,G,0.0,False,0.2,False
0,13,9,L,2,G,0.0,False,0.3,False
0,13,10,L,2,G,-0.0,False,-0.2,False
0,13,11,L,2,G,-0.0,False,-0.1,False
0,13,12,L,2,G,0.1,False,0.2,False
0,13,13,L,3,G,0.0,False,0.2,False
0,13,14,L,3,G,-0.0,False,-0.2,False
0,13,15,L,3,G,0.0,False,0.1,False
0,13,16,L,3,G,0.0,False,0.3,False
0,13,17,L,4,G,0.0,False,0.1,False
0,13,18,L,4,G,0.0,False,0.1,False
0,13,19,L,4,G,-0.0,False,-0.3,False
0,13,20,L,4,G,0.0,False,0.1,False
0,14,1,F,1,W,0.5,False,0.1,True
0,14,2,F,2,W,0.4,False,0.1,True
0,14,3,F,3,G,0.4,False,-0.0,False
0,14,4,F,4,W,0.5,False,0.1,False
0,14,5,L,1,G,-0.0,False,-0.1,False
0,14,6,L,1,G,0.0,False,-0.1,False
0,14,7,L,1,G,0.0,False,0.3,False
0,14,8,L,1,G,0.0,False,-0.0,False
0,14,9,L,2,G,0.0,False,0.1,False
0,14,10,L,2,G,0.0,False,0.1,False
0,14,11,L,2,G,-0.0,False,-0.3,False
0,14,12,L,2,G,0.0,False,-0.2,False
0,14,13,L,3,G,0.0,False,0.0,False
0,14,14,L,3,G,0.0,False,0.1,False
0,14,15,L,3,G,-0.0,False,-0.1,False
0,14,16,L,3,G,0.0,False,0.1,False
0,14,17,L,4,G,-0.0,False,-0.2,False
0,14,18,L,4,G,-0.0,False,-0.2,False
0,14,19,L,4,G,0.0,False,0.1,False
0,14,20,L,4,G,-0.0,False,-0.2,False
0,15,1,F,1,W,0.4,False,0.0,True
0,15,2,F,2,G,0.4,False,0.3,False
0,15,3,F,3,G,0.4,False,0.1,False
0,15,4,F,4,W,0.4,False,-0.1,True
0,15,5,L,1,G,-0.0,False,-0.1,False
0,15,6,L,1,G,0.0,False,0.1,False
0,15,7,L,1,G,0.0,False,0.2,False
0,15,8,L,1,G,-0.0,False,-0.1,False
0,15,9,L,2,G,-0.0,False,-0.3,False
0,15,10,L,2,G,0.0,False,0.2,False
0,15,11,L,2,G,0.0,False,0.2,False
0,15,12,L,2,G,0.0,False,-0.2,False
0,15,13,L,3,G,-0.0,False,-0.3,False
0,15,14,L,3,G,0.0,False,-0.0,False
0,15,15,L,3,G,-0.0,False,-0.2,False
0,15,16,L,3,G,0.0,False,0.1,False
0,15,17,L,4,G,0.0,False,0.0,False
0,15,18,L,4,G,0.0,False,0.0,False
0,15,19,L,4,G,0.0,False,-0.0,False
0,15,20,L,4,G,0.0,False,0.1,False
0,16,1,F,1,G,0.4,False,0.0,True
0,16,2,F,2,G,0.3,False,-0.2,True
0,16,3,F,3,G,0.4,False,0.0,False
0,16,4,F,4,G,0.4,False,-0.1,False
0,16,5,L,1,G,-0.0,False,-0.1,False
0,16,6,L,1,G,0.0,False,0.2,False
0,16,7,L,1,G,0.0,False,-0.0,False
0,16,8,L,1,G,-0.0,False,-0.1,False
0,16,9,L,2,G,0.0,False,0.2,False
0,16,10,L,2,G,0.0,False,0.1,False
0,16,11,L,2,G,0.0,False,0.2,False
0,16,12,L,2,G,0.1,False,0.2,False
0,16,13,L,3,G,0.0,False,0.0,False
0,16,14,L,3,G,0.0,False,0.2,False
0,16,15,L,3,G,0.0,False,0.1,False
0,16,16,L,3,G,-0.0,False,-0.1,False
0,16,17,L,4,G,0.0,False,0.0,False
0,16,18,L,4,G,0.0,False,-0.0,False
0,16,19,L,4,G,0.0,False,0.2,False
0,16,20,L,4,G,0.0,False,0.0,False
0,17,1,F,1,G,0.4,False,-0.0,True
0,17,2,F,2,G,0.4,False,0.0,False
0,17,3,F,3,G,0.4,False,0.1,True
0,17,4,F,4,G,0.4,False,-0.3,False
0,17,5,L,1,G,-0.0,False,-0.1,False
0,17,6,L,1,G,0.1,False,0.4,False
0,17,7,L,1,G,-0.0,False,-0.1,False
0,17,8,L,1,G,0.0,False,0.1,False
0,17,9,L,2,G,0.0,False,0.1,False
0,17,10,L,2,G,-0.0,False,-0.1,False
0,17,11,L,2,G,0.0,False,0.2,False
0,17,12,L,2,G,0.1,False,-0.0,False
0,17,13,L,3,G,0.0,False,0.1,False
0,17,14,L,3,G,-0.1,False,-0.4,False
0,17,15,L,3,G,0.0,False,0.1,False
0,17,16,L,3,G,0.0,False,0.0,False
0,17,17,L,4,G,0.0,False,0.1,False
0,17,18,L,4,G,0.0,False,0.1,False
0,17,19,L,4,G,0.0,False,-0.0,False
0,17,20,L,4,G,-0.0,False,-0.1,False
0,18,1,F,1,G,0.4,False,-0.0,True
0,18,2,F,2,G,0.3,False,-0.2,True
0,18,3,F,3,G,0.3,False,-0.1,False
0,18,4,F,4,G,0.4,False,0.1,False
0,18,5,L,1,G,0.0,False,0.3,False
0,18,6,L,1,G,0.0,False,-0.2,False
0,18,7,L,1,G,-0.0,False,-0.2,False
0,18,8,L,1,G,0.0,False,-0.0,False
0,18,9,L,2,G,0.0,False,0.1,False
0,18,10,L,2,G,-0.0,False,-0.1,False
0,18,11,L,2,G,0.0,False,0.2,False
0,18,12,L,2,G,0.1,False,0.4,False
0,18,13,L,3,G,0.0,False,-0.0,False
0,18,14,L,3,G,0.0,False,0.3,False
0,18,15,L,3,G,-0.0,False,-0.1,False
0,18,16,L,3,G,-0.0,False,-0.2,False
0,18,17,L,4,G,0.0,False,0.3,False
0,18,18,L,4,G,0.0,False,-0.0,False
0,18,19,L,4,G,0.0,False,0.2,False
0,18,20,L,4,G,0.0,False,0.1,False
0,19,1,F,1,G,0.4,False,0.2,True
0,19,2,F,2,G,0.3,False,-0.2,False
0,19,3,F,3,G,0.3,False,0.1,False
0,19,4,F,4,G,0.4,False,0.0,True
0,19,5,L,1,G,0.0,False,0.0,False
0,19,6,L,1,G,-0.0,False,-0.2,False
0,19,7,L,1,G,0.0,False,0.2,False
0,19,8,L,1,G,0.0,False,0.0,False
0,19,9,L,2,G,0.0,False,0.2,False
0,19,10,L,2,G,0.0,False,0.2,False
0,19,11,L,2,G,0.0,False,0.1,False
0,19,12,L,2,G,0.1,False,0.1,False
0,19,13,L,3,G,0.0,False,0.2,False
0,19,14,L,3,G,-0.1,False,-0.4,False
0,19,15,L,3,G,0.0,False,0.1,False
0,19,16,L,3,G,-0.0,False,-0.1,False
0,19,17,L,4,G,-0.0,False,-0.1,False
0,19,18,L,4,G,0.0,False,0.1,False
0,19,19,L,4,G,0.0,False,-0.0,False
0,19,20,L,4,G,-0.0,False,-0.2,False
0,20,1,F,1,G,0.3,False,0.0,True
0,20,2,F,2,G,0.3,False,0.1,False
0,20,3,F,3,G,0.3,False,-0.2,False
0,20,4,F,4,G,0.3,False,0.0,True
0,20,5,L,1,G,0.0,False,0.0,False
0,20,6,L,1,G,0.1,False,0.3,False
0,20,7,L,1,G,-0.0,False,-0.3,False
0,20,8,L,1,G,0.0,False,0.1,False
0,20,9,L,2,G,0.0,False,0.2,False
0,20,10,L,2,G,0.0,False,0.2,False
0,20,11,L,2,G,-0.0,False,-0.3,False
0,20,12,L,2,G,0.1,False,-0.1,False
0,20,13,L,3,G,-0.0,False,-0.1,False
0,20,14,L,3,G,-0.1,False,-0.2,False
0,20,15,L,3,G,-0.0,False,-0.1,False
0,20,16,L,3,G,0.0,False,-0.0,False
0,20,17,L,4,G,0.0,False,0.1,False
0,20,18,L,4,G,-0.0,False,-0.2,False
0,20,19,L,4,G,0.0,False,0.2,False
0,20,20,L,4,G,0.0,False,0.3,False
0,21,1,F,1,G,0.3,False,-0.1,True
0,21,2,F,2,G,0.3,False,-0.1,True
0,21,3,F,3,G,0.3,False,-0.1,False
0,21,4,F,4,G,0.3,False,0.0,False
0,21,5,L,1,G,0.0,False,0.0,False
0,21,6,L,1,G,0.1,False,0.2,False
0,21,7,L,1,G,-0.0,False,-0.1,False
0,21,8,L,1,G,0.0,False,0.1,False
0,21,9,L,2,G,-0.0,False,-0.1,False
0,21,10,L,2,G,-0.0,False,-0.1,False
0,21,11,L,2,G,-0.0,False,-0.1,False
0,21,12,L,2,G,0.1,False,0.2,False
0,21,13,L,3,G,-0.0,False,-0.3,False
0,21,14,L,3,G,-0.1,False,-0.0,False
0,21,15,L,3,G,-0.0,False,-0.1,False
0,21,16,L,3,G,0.0,False,0.0,False
0,21,17,L,4,G,0.0,False,0.1,False
0,21,18,L,4,G,-0.0,False,-0.1,False
0,21,19,L,4,G,0.1,False,0.4,False
0,21,20,L,4,G,0.0,False,0.3,False
0,22,1,F,1,G,0.4,False,0.3,True
0,22,2,F,2,G,0.2,False,-0.2,True
0,22,3,F,3,G,0.3,False,0.3,False
0,22,4,F,4,G,0.3,False,0.0,False
0,22,5,L,1,G,-0.0,False,-0.1,False
0,22,6,L,1,G,0.0,False,-0.1,False
0,22,7,L,1,G,0.0,False,0.2,False
0,22,8,L,1,G,-0.0,False,-0.3,False
0,22,9,L,2,G,-0.0,False,-0.2,False
0,22,10,L,2,G,-0.0,False,-0.3,False
0,22,11,L,2,G,-0.0,False,-0.1,False
0,22,12,L,2,G,0.1,False,-0.2,False
0,22,13,L,3,G,-0.0,False,-0.3,False
0,22,14,L,3,G,-0.0,False,0.2,False
0,22,15,L,3,G,-0.0,False,-0.1,False
0,22,16,L,3,G,0.0,False,0.1,False
0,22,17,L,4,G,0.0,False,0.2,False
0,22,18,L,4,G,-0.0,False,-0.3,False
0,22,19,L,4,G,-0.0,False,-0.3,False
0,22,20,L,4,G,0.0,False,0.1,False
0,23,1,F,1,G,0.4,False,0.4,True
0,23,2,F,2,G,0.2,False,-0.1,False
0,23,3,F,3,G,0.3,False,0.1,True
0,23,4,F,4,G,0.3,False,0.1,False
0,23,5,L,1,G,0.0,False,0.3,False
0,23,6,L,1,G,0.1,False,0.3,False
0,23,7,L,1,G,0.0,False,0.2,False
0,23,8,L,1,G,0.0,False,0.1,False
0,23,9,L,2,G,0.0,False,0.3,False
0,23,10,L,2,G,0.0,False,0.0,False
0,23,11,L,2,G,-0.0,False,-0.3,False
0,23,12,L,2,G,0.1,False,-0.0,False
0,23,13,L,3,G,0.0,False,0.1,False
0,23,14,L,3,G,-0.1,False,0.0,False
0,23,15,L,3,G,0.0,False,0.1,False
0,23,16,L,3,G,0.0,False,0.1,False
0,23,17,L,4,G,0.0,False,0.0,False
0,23,18,L,4,G,0.0,False,0.1,False
0,23,19,L,4,G,0.0,False,-0.1,False
0,23,20,L,4,G,-0.0,False,-0.3,False
0,24,1,F,1,G,0.3,False,-0.0,True
0,24,2,F,2,G,0.2,False,-0.0,False
0,24,3,F,3,G,0.2,False,-0.1,True
0,24,4,F,4,G,0.2,False,-0.3,False
0,24,5,L,1,G,0.0,False,-0.0,False
0,24,6,L,1,G,0.1,False,0.1,False
0,24,7,L,1,G,-0.0,False,-0.3,False
0,24,8,L,1,G,0.0,False,0.1,False
0,24,9,L,2,G,-0.0,False,-0.2,False
0,24,10,L,2,G,-0.0,False,-0.2,False
0,24,11,L,2,G,-0.0,False,-0.1,False
0,24,12,L,2,G,0.1,False,0.3,False
0,24,13,L,3,G,0.0,False,0.2,False
0,24,14,L,3,G,-0.1,False,-0.2,False
0,24,15,L,3,G,0.0,False,0.2,False
0,24,16,L,3,G,0.0,False,0.3,False
0,24,17,L,4,G,0.0,False,0.2,False
0,24,18,L,4,G,0.0,False,0.1,False
0,24,19,L,4,G,-0.0,False,-0.3,False
0,24,20,L,4,G,-0.0,False,-0.2,False
0,25,1,F,1,G,0.3,False,-0.1,True
0,25,2,F,2,G,0.2,False,-0.2,True
0,25,3,F,3,G,0.2,False,0.0,False
0,25,4,F,4,G,0.3,False,0.2,False
0,25,5,L,1,G,-0.0,False,-0.1,False
0,25,6,L,1,G,0.1,False,-0.0,False
0,25,7,L,1,G,0.0,False,0.2,False
0,25,8,L,1,G,0.0,False,0.1,False
0,25,9,L,2,G,0.0,False,0.2,False
0,25,10,L,2,G,0.0,False,0.2,False
0,25,11,L,2,G,0.0,False,0.2,False
0,25,12,L,2,G,0.1,False,0.1,False
0,25,13,L,3,G,0.0,False,0.0,False
0,25,14,L,3,G,-0.1,False,-0.2,False
0,25,15,L,3,G,0.0,False,0.1,False
0,25,16,L,3,G,0.0,False,0.1,False
0,25,17,L,4,G,-0.0,False,-0.2,False
0,25,18,L,4,G,-0.0,False,-0.1,False
0,25,19,L,4,G,0.0,False,-0.1,False
0,25,20,L,4,G,-0.0,False,-0.1,False
0,26,1,F,1,G,0.3,False,-0.0,True
0,26,2,F,2,G,0.2,False,-0.2,False
0,26,3,F,3,G,0.2,False,0.0,False
0,26,4,F,4,G,0.2,False,-0.0,True
0,26,5,L,1,G,0.0,False,0.1,False
0,26,6,L,1,G,0.1,False,-0.1,False
0,26,7,L,1,G,-0.1,False,-0.4,False
0,26,8,L,1,G,-0.0,False,-0.2,False
0,26,9,L,2,G,-0.0,False,-0.1,False
0,26,10,L,2,G,0.0,False,0.1,False
0,26,11,L,2,G,0.0,False,0.2,False
0,26,12,L,2,G,0.1,False,0.0,False
0,26,13,L,3,G,-0.0,False,-0.1,False
0,26,14,L,3,G,-0.1,False,-0.0,False
0,26,15,L,3,G,0.0,False,0.2,False
0,26,16,L,3,G,-0.0,False,-0.1,False
0,26,17,L,4,G,0.0,False,-0.0,False
0,26,18,L,4,G,0.0,False,0.3,False
0,26,19,L,4,G,0.0,False,-0.0,False
0,26,20,L,4,G,-0.0,False,-0.3,False
0,27,1,F,1,G,0.3,False,-0.2,True
0,27,2,F,2,G,0.2,False,0.2,True
0,27,3,F,3,G,0.2,False,0.3,False
0,27,4,F,4,G,0.2,False,0.1,False
0,27,5,L,1,G,0.0,False,0.1,False
0,27,6,L,1,G,0.1,False,0.1,False
0,27,7,L,1,G,0.0,False,0.2,False
0,27,8,L,1,G,0.0,False,0.1,False
0,27,9,L,2,G,0.0,False,0.0,False
0,27,10,L,2,G,0.0,False,0.1,False
0,27,11,L,2,G,-0.0,False,-0.3,False
0,27,12,L,2,G,0.1,False,0.0,False
0,27,13,L,3,G,-0.0,False,-0.1,False
0,27,14,L,3,G,-0.1,False,-0.0,False
0,27,15,L,3,G,0.0,False,0.2,False
0,27,16,L,3,G,0.0,False,0.0,False
0,27,17,L,4,G,0.0,False,0.1,False
0,27,18,L,4,G,-0.0,False,-0.2,False
0,27,19,L,4,G,-0.0,False,-0.3,False
0,27,20,L,4,G,-0.0,False,-0.1,False
0,28,1,F,1,G,0.3,False,0.1,True
0,28,2,F,2,G,0.2,False,0.1,True
0,28,3,F,3,G,0.2,False,-0.1,False
0,28,4,F,4,G,0.2,False,-0.1,False
0,28,5,L,1,G,0.0,False,0.1,False
0,28,6,L,1,G,0.1,False,0.2,False
0,28,7,L,1,G,0.0,False,0.2,False
0,28,8,L,1,G,-0.0,False,-0.1,False
0,28,9,L,2,G,-0.0,False,-0.3,False
0,28,10,L,2,G,0.0,False,0.1,False
0,28,11,L,2,G,-0.0,False,-0.2,False
0,28,12,L,2,G,0.1,False,-0.1,False
0,28,13,L,3,G,-0.0,False,-0.2,False
0,28,14,L,3,G,-0.1,False,-0.1,False
0,28,15,L,3,G,-0.0,False,-0.2,False
0,28,16,L,3,G,-0.0,False,-0.2,False
0,28,17,L,4,G,-0.0,False,-0.2,False
0,28,18,L,4,G,0.0,False,0.2,False
0,28,19,L,4,G,-0.0,False,-0.1,False
0,28,20,L,4,G,-0.0,False,-0.0,False
0,29,1,F,1,G,0.3,False,-0.0,True
0,29,2,F,2,G,0.2,False,0.3,True
0,29,3,F,3,G,0.2,False,0.0,False
0,29,4,F,4,G,0.2,False,-0.2,False
0,29,5,L,1,G,0.0,False,0.0,False
0,29,6,L,1,G,0.1,False,0.1,False
0,29,7,L,1,G,-0.0,False,-0.1,False
0,29,8,L,1,G,0.0,False,0.1,False
0,29,9,L,2,G,0.0,False,0.1,False
0,29,10,L,2,G,0.0,False,0.1,False
0,29,11,L,2,G,-0.0,False,-0.3,False
0,29,12,L,2,G,0.1,False,0.1,False
0,29,13,L,3,G,0.0,False,-0.0,False
0,29,14,L,3,G,-0.1,False,0.0,False
0,29,15,L,3,G,-0.0,False,-0.1,False
0,29,16,L,3,G,0.0,False,0.1,False
0,29,17,L,4,G,-0.0,False,-0.1,False
0,29,18,L,4,G,-0.0,False,-0.1,False
0,29,19,L,4,G,-0.0,False,-0.2,False
0,29,20,L,4,G,-0.0,False,-0.1,False
0,30,1,F,1,G,0.2,False,-0.1,True
0,30,2,F,2,G,0.2,False,0.1,True
0,30,3,F,3,G,0.2,False,0.1,False
0,30,4,F,4,G,0.2,False,0.0,False
0,30,5,L,1,G,0.0,False,0.1,False
0,30,6,L,1,G,0.1,False,0.2,False
0,30,7,L,1,G,-0.0,False,0.1,False
0,30,8,L,1,G,0.0,False,0.0,False
0,30,9,L,2,G,0.0,False,-0.0,False
0,30,10,L,2,G,-0.0,False,-0.3,False
0,30,11,L,2,G,0.0,False,-0.0,False
0,30,12,L,2,G,0.1,False,-0.1,False
0,30,13,L,3,G,0.0,False,0.1,False
0,30,14,L,3,G,-0.1,False,0.1,False
0,30,15,L,3,G,0.0,False,-0.0,False
0,30,16,L,3,G,0.0,False,0.1,False
0,30,17,L,4,G,0.0,False,0.3,False
0,30,18,L,4,G,0.0,False,0.2,False
0,30,19,L,4,G,-0.0,False,-0.2,False
0,30,20,L,4,G,-0.0,False,-0.1,False
0,31,1,F,1,G,0.2,False,-0.0,True
0,31,2,F,2,G,0.2,False,0.2,True
0,31,3,F,3,G,0.1,False,-0.2,False
0,31,4,F,4,G,0.2,False,-0.0,False
0,31,5,L,1,G,-0.0,False,-0.3,False
0,31,6,L,1,G,0.1,False,0.2,False
0,31,7,L,1,G,-0.0,False,0.1,False
0,31,8,L,1,G,-0.0,False,-0.3,False
0,31,9,L,2,G,0.0,False,0.3,False
0,31,10,L,2,G,-0.0,False,-0.2,False
0,31,11,L,2,G,-0.1,False,-0.5,False
0,31,12,L,2,G,0.1,False,0.2,False
0,31,13,L,3,G,0.0,False,0.3,False
0,31,14,L,3,G,-0.1,False,-0.2,False
0,31,15,L,3,G,0.0,False,0.2,False
0,31,16,L,3,G,-0.0,False,-0.1,False
0,31,17,L,4,G,0.0,False,0.1,False
0,31,18,L,4,G,0.0,False,0.3,False
0,31,19,L,4,G,0.0,False,0.1,False
0,31,20,L,4,G,0.0,False,0.2,False
0,32,1,F,1,G,0.3,False,0.2,True
0,32,2,F,2,G,0.2,False,0.1,True
0,32,3,F,3,G,0.1,False,-0.2,False
0,32,4,F,4,G,0.2,False,0.1,False
0,32,5,L,1,G,0.0,False,0.1,False
0,32,6,L,1,G,0.1,False,-0.1,False
0,32,7,L,1,G,-0.0,False,-0.1,False
0,32,8,L,1,G,0.0,False,0.0,False
0,32,9,L,2,G,0.0,False,0.1,False
0,32,10,L,2,G,0.0,False,0.0,False
0,32,11,L,2,G,0.0,False,0.3,False
0,32,12,L,2,G,0.0,False,-0.3,False
0,32,13,L,3,G,-0.0,False,-0.2,False
0,32,14,L,3,G,-0.1,False,0.2,False
0,32,15,L,3,G,0.0,False,0.0,False
0,32,16,L,3,G,0.0,False,-0.0,False
0,32,17,L,4,G,0.0,False,0.1,False
0,32,18,L,4,G,-0.0,False,-0.1,False
0,32,19,L,4,G,0.0,False,-0.0,False
0,32,20,L,4,G,-0.0,False,-0.2,False
0,33,1,F,1,G,0.2,False,0.1,True
0,33,2,F,2,G,0.1,False,-0.2,True
0,33,3,F,3,G,0.1,False,-0.1,False
0,33,4,F,4,G,0.2,False,0.1,False
0,33,5,L,1,G,0.0,False,0.1,False
0,33,6,L,1,G,0.1,False,0.1,False
0,33,7,L,1,G,0.0,False,-0.0,False
0,33,8,L,1,G,0.0,False,0.2,False
0,33,9,L,2,G,-0.0,False,-0.2,False
0,33,10,L,2,G,-0.0,False,-0.1,False
0,33,11,L,2,G,-0.0,False,0.0,False
0,33,12,L,2,G,0.1,False,0.2,False
0,33,13,L,3,G,0.0,False,-0.0,False
0,33,14,L,3,G,-0.1,False,-0.1,False
0,33,15,L,3,G,-0.0,False,-0.2,False
0,33,16,L,3,G,-0.0,False,-0.1,False
0,33,17,L,4,G,0.0,False,0.1,False
0,33,18,L,4,G,0.0,False,0.0,False
0,33,19,L,4,G,-0.0,False,-0.1,False
0,33,20,L,4,G,-0.0,False,-0.1,False
0,34,1,F,1,G,0.2,False,-0.1,True
0,34,2,F,2,G,0.2,False,0.1,False
0,34,3,F,3,G,0.1,False,0.1,False
0,34,4,F,4,G,0.2,False,0.2,True
0,34,5,L,1,G,0.0,False,0.2,False
0,34,6,L,1,G,0.1,False,-0.1,False
0,34,7,L,1,G,-0.0,False,-0.1,False
0,34,8,L,1,G,-0.0,False,-0.1,False
0,34,9,L,2,G,0.0,False,0.2,False
0,34,10,L,2,G,0.0,False,0.1,False
0,34,11,L,2,G,-0.0,False,-0.2,False
0,34,12,L,2,G,0.1,False,0.2,False
0,34,13,L,3,G,0.0,False,0.0,False
0,34,14,L,3,G,-0.0,False,0.3,False
0,34,15,L,3,G,0.0,False,0.2,False
0,34,16,L,3,G,0.0,False,0.0,False
0,34,17,L,4,G,0.0,False,0.2,False
0,34,18,L,4,G,0.0,False,0.1,False
0,34,19,L,4,G,-0.0,False,-0.1,False
0,34,20,L,4,G,-0.0,False,-0.1,False
0,35,1,F,1,G,0.2,False,0.0,True
0,35,2,F,2,G,0.2,False,0.0,True
0,35,3,F,3,G,0.1,False,0.3,False
0,35,4,F,4,G,0.2,False,0.1,False
0,35,5,L,1,G,0.0,False,-0.0,False
0,35,6,L,1,G,0.1,False,-0.1,False
0,35,7,L,1,G,-0.0,False,-0.2,False
0,35,8,L,1,G,0.0,False,0.1,False
0,35,9,L,2,G,0.0,False,-0.0,False
0,35,10,L,2,G,0.1,False,0.4,False
0,35,11,L,2,G,-0.0,False,-0.1,False
0,35,12,L,2,G,0.0,False,-0.2,False
0,35,13,L,3,G,-0.0,False,-0.2,False
0,35,14,L,3,G,-0.1,False,0.1,False
0,35,15,L,3,G,0.0,False,0.1,False
0,35,16,L,3,G,-0.0,False,-0.1,False
0,35,17,L,4,G,-0.0,False,-0.1,False
0,35,18,L,4,G,-0.0,False,-0.1,False
0,35,19,L,4,G,-0.0,False,-0.1,False
0,35,20,L,4,G,0.0,False,0.3,False
0,36,1,F,1,G,0.2,False,0.1,True
0,36,2,F,2,G,0.1,False,-0.2,True
0,36,3,F,3,G,0.1,False,-0.1,False
0,36,4,F,4,G,0.2,False,0.2,False
0,36,5,L,1,G,-0.0,False,-0.1,False
0,36,6,L,1,G,0.1,False,0.1,False
0,36,7,L,1,G,0.0,False,0.1,False
0,36,8,L,1,G,0.0,False,0.2,False
0,36,9,L,2,G,0.0,False,0.1,False
0,36,10,L,2,G,0.0,False,0.1,False
0,36,11,L,2,G,-0.0,False,0.0,False
0,36,12,L,2,G,0.0,False,-0.1,False
0,36,13,L,3,G,0.0,False,0.1,False
0,36,14,L,3,G,-0.1,False,0.1,False
0,36,15,L,3,G,0.0,False,-0.0,False
0,36,16,L,3,G,-0.0,False,-0.1,False
0,36,17,L,4,G,0.0,False,0.0,False
0,36,18,L,4,G,0.0,False,0.2,False
0,36,19,L,4,G,0.0,False,0.2,False
0,36,20,L,4,G,0.0,False,0.2,False
0,37,1,F,1,G,0.2,False,-0.1,True
0,37,2,F,2,G,0.1,False,0.0,False
0,37,3,F,3,G,0.1,False,0.0,False
0,37,4,F,4,G,0.1,False,-0.3,True
0,37,5,L,1,G,0.0,False,0.0,False
0,37,6,L,1,G,0.1,False,0.4,False
0,37,7,L,1,G,-0.0,False,-0.2,False
0,37,8,L,1,G,-0.0,False,-0.1,False
0,37,9,L,2,G,-0.0,False,-0.2,False
0,37,10,L,2,G,0.0,False,0.1,False
0,37,11,L,2,G,0.0,False,0.2,False
0,37,12,L,2,G,0.0,False,0.0,False
0,37,13,L,3,G,0.0,False,0.1,False
0,37,14,L,3,G,-0.1,False,-0.1,False
0,37,15,L,3,G,0.0,False,0.0,False
0,37,16,L,3,G,0.0,False,-0.0,False
0,37,17,L,4,G,0.0,False,0.3,False
0,37,18,L,4,G,0.0,False,0.0,False
0,37,19,L,4,G,-0.0,False,-0.2,False
0,37,20,L,4,G,-0.0,False,-0.1,False
0,38,1,F,1,G,0.2,False,-0.1,True
0,38,2,F,2,G,0.1,False,-0.2,True
0,38,3,F,3,G,0.1,False,0.1,False
0,38,4,F,4,G,0.2,False,-0.0,False
0,38,5,L,1,G,-0.0,False,-0.1,False
0,38,6,L,1,G,0.1,False,-0.0,False
0,38,7,L,1,G,-0.0,False,-0.1,False
0,38,8,L,1,G,0.0,False,0.1,False
0,38,9,L,2,G,0.0,False,0.2,False
0,38,10,L,2,G,0.1,False,0.3,False
0,38,11,L,2,G,0.0,False,0.0,False
0,38,12,L,2,G,0.0,False,0.1,False
0,38,13,L,3,G,0.0,False,-0.0,False
0,38,14,L,3,G,-0.1,False,0.1,False
0,38,15,L,3,G,0.0,False,0.3,False
0,38,16,L,3,G,-0.0,False,-0.1,False
0,38,17,L,4,G,0.0,False,0.1,False
0,38,18,L,4,G,0.0,False,0.1,False
0,38,19,L,4,G,0.0,False,0.1,False
0,38,20,L,4,G,-0.0,False,-0.1,False
0,39,1,F,1,G,0.2,False,0.4,True
0,39,2,F,2,G,0.1,False,-0.2,False
0,39,3,F,3,G,0.1,False,0.1,False
0,39,4,F,4,G,0.2,False,0.3,True
0,39,5,L,1,G,0.0,False,-0.0,False
0,39,6,L,1,G,0.1,False,-0.1,False
0,39,7,L,1,G,0.0,False,0.0,False
0,39,8,L,1,G,0.0,False,0.0,False
0,39,9,L,2,G,0.0,False,0.2,False
0,39,10,L,2,G,0.0,False,-0.1,False
0,39,11,L,2,G,0.0,False,0.0,False
0,39,12,L,2,G,-0.0,False,-0.4,False
0,39,13,L,3,G,0.0,False,0.2,False
0,39,14,L,3,G,-0.1,False,-0.2,False
0,39,15,L,3,G,-0.0,False,-0.2,False
0,39,16,L,3,G,-0.0,False,-0.1,False
0,39,17,L,4,G,-0.0,False,-0.2,False
0,39,18,L,4,G,0.0,False,0.3,False
0,39,19,L,4,G,0.0,False,0.0,False
0,39,20,L,4,G,0.0,False,0.2,False
0,40,1,F,1,G,0.2,False,0.0,True
0,40,2,F,2,G,0.1,False,0.1,False
0,40,3,F,3,G,0.1,False,0.1,False
0,40,4,F,4,G,0.1,False,-0.1,True
0,40,5,L,1,G,-0.0,False,-0.1,False
0,40,6,L,1,G,0.1,False,-0.2,False
0,40,7,L,1,G,-0.0,False,-0.2,False
0,40,8,L,1,G,0.0,False,-0.0,False
0,40,9,L,2,G,0.0,False,0.1,False
0,40,10,L,2,G,0.0,False,-0.1,False
0,40,11,L,2,G,0.0,False,0.1,False
0,40,12,L,2,G,-0.0,False,-0.1,False
0,40,13,L,3,G,0.0,False,0.2,False
0,40,14,L,3,G,-0.1,False,0.0,False
0,40,15,L,3,G,0.0,False,0.0,False
0,40,16,L,3,G,-0.0,False,-0.2,False
0,40,17,L,4,G,0.0,False,0.2,False
0,40,18,L,4,G,0.0,False,0.0,False
0,40,19,L,4,G,0.0,False,-0.0,False
0,40,20,L,4,G,-0.0,False,-0.3,False
0,41,1,F,1,G,0.2,False,-0.0,True
0,41,2,F,2,G,0.1,False,-0.0,True
0,41,3,F,3,G,0.1,False,-0.2,False
0,41,4,F,4,G,0.1,False,-0.1,False
0,41,5,L,1,G,-0.0,False,-0.2,False
0,41,6,L,1,G,0.1,False,0.3,False
0,41,7,L,1,G,0.0,False,0.2,False
0,41,8,L,1,G,-0.0,False,-0.1,False
0,41,9,L,2,G,-0.0,False,-0.2,False
0,41,10,L,2,G,0.1,False,0.4,False
0,41,11,L,2,G,0.0,False,0.3,False
0,41,12,L,2,G,0.0,False,0.1,False
0,41,13,L,3,G,0.0,False,0.2,False
0,41,14,L,3,G,-0.1,False,-0.4,False
0,41,15,L,3,G,0.0,False,0.1,False
0,41,16,L,3,G,0.0,False,0.1,False
0,41,17,L,4,G,0.0,False,0.2,False
0,41,18,L,4,G,-0.0,False,-0.2,False
0,41,19,L,4,G,0.0,False,0.2,False
0,41,20,L,4,G,0.0,False,0.0,False
0,42,1,F,1,G,0.2,False,0.0,True
0,42,2,F,2,G,0.1,False,-0.1,True
0,42,3,F,3,G,0.1,False,0.0,False
0,42,4,F,4,G,0.1,False,-0.2,False
0,42,5,L,1,G,0.0,False,0.0,False
0,42,6,L,1,G,0.1,False,-0.1,False
0,42,7,L,1,G,0.0,False,0.1,False
0,42,8,L,1,G,0.0,False,0.1,False
0,42,9,L,2,G,0.0,False,0.0,False
0,42,10,L,2,G,0.0,False,-0.1,False
0,42,11,L,2,G,-0.0,False,-0.2,False
0,42,12,L,2,G,0.0,False,0.2,False
0,42,13,L,3,G,0.0,False,0.3,False
0,42,14,L,3,G,-0.1,False,-0.1,False
0,42,15,L,3,G,0.0,False,0.2,False
0,42,16,L,3,G,-0.0,False,-0.1,False
0,42,17,L,4,G,0.1,False,0.4,False
0,42,18,L,4,G,0.0,False,0.1,False
0,42,19,L,4,G,0.0,False,0.0,False
0,42,20,L,4,G,0.0,False,0.2,False
0,43,1,F,1,G,0.2,False,-0.1,True
0,43,2,F,2,G,0.1,False,-0.0,True
0,43,3,F,3,G,0.1,False,-0.1,False
0,43,4,F,4,G,0.2,False,0.5,False
0,43,5,L,1,G,0.0,False,-0.0,False
0,43,6,L,1,G,0.1,False,-0.2,False
0,43,7,L,1,G,-0.0,False,-0.2,False
0,43,8,L,1,G,0.0,False,-0.0,False
0,43,9,L,2,G,-0.0,False,-0.3,False
0,43,10,L,2,G,0.0,False,-0.2,False
0,43,11,L,2,G,-0.0,False,-0.1,False
0,43,12,L,2,G,0.0,False,0.0,False
0,43,13,L,3,G,-0.0,False,-0.1,False
0,43,14,L,3,G,-0.1,False,-0.0,False
0,43,15,L,3,G,0.0,False,0.3,False
0,43,16,L,3,G,0.0,False,-0.0,False
0,43,17,L,4,G,-0.0,False,-0.3,False
0,43,18,L,4,G,0.0,False,0.2,False
0,43,19,L,4,G,0.0,False,0.0,False
0,43,20,L,4,G,0.0,False,0.2,False
0,44,1,F,1,G,0.2,False,-0.1,True
0,44,2,F,2,G,0.1,False,-0.0,False
0,44,3,F,3,G,0.1,False,-0.1,False
0,44,4,F,4,G,0.2,False,0.4,True
0,44,5,L,1,G,0.0,False,0.1,False
0,44,6,L,1,G,0.1,False,0.1,False
0,44,7,L,1,G,0.0,False,0.3,False
0,44,8,L,1,G,0.0,False,0.0,False
0,44,9,L,2,G,-0.0,False,-0.2,False
0,44,10,L,2,G,0.0,False,-0.1,False
0,44,11,L,2,G,-0.0,False,-0.1,False
0,44,12,L,2,G,-0.0,False,-0.2,False
0,44,13,L,3,G,-0.0,False,-0.1,False
0,44,14,L,3,G,-0.0,False,0.3,False
0,44,15,L,3,G,-0.0,False,-0.1,False
0,44,16,L,3,G,0.1,False,0.4,False
0,44,17,L,4,G,0.0,False,0.1,False
0,44,18,L,4,G,0.0,False,0.1,False
0,44,19,L,4,G,-0.0,False,-0.1,False
0,44,20,L,4,G,-0.0,False,-0.1,False
0,45,1,F,1,G,0.2,False,-0.0,True
0,45,2,F,2,G,0.0,False,-0.3,False
0,45,3,F,3,G,0.1,False,0.1,False
0,45,4,F,4,G,0.1,False,0.1,True
0,45,5,L,1,G,-0.0,False,-0.1,False
0,45,6,L,1,G,0.1,False,-0.1,False
0,45,7,L,1,G,0.0,False,0.1,False
0,45,8,L,1,G,-0.0,False,-0.1,False
0,45,9,L,2,G,-0.0,False,-0.2,False
0,45,10,L,2,G,0.0,False,0.0,False
0,45,11,L,2,G,0.0,False,0.2,False
0,45,12,L,2,G,-0.0,False,-0.1,False
0,45,13,L,3,G,0.0,False,0.3,False
0,45,14,L,3,G,-0.0,False,0.2,False
0,45,15,L,3,G,0.0,False,0.1,False
0,45,16,L,3,G,0.0,False,0.0,False
0,45,17,L,4,G,-0.0,False,-0.2,False
0,45,18,L,4,G,0.0,False,0.0,False
0,45,19,L,4,G,0.0,False,0.1,False
0,45,20,L,4,G,-0.0,False,-0.1,False
0,46,1,F,1,G,0.2,False,0.2,True
0,46,2,F,2,G,0.1,False,0.2,False
0,46,3,F,3,G,0.1,False,0.1,True
0,46,4,F,4,G,0.2,False,0.3,False
0,46,5,L,1,G,0.0,False,-0.0,False
0,46,6,L,1,G,0.1,False,-0.0,False
0,46,7,L,1,G,0.0,False,0.0,False
0,46,8,L,1,G,0.0,False,0.0,False
0,46,9,L,2,G,0.0,False,0.0,False
0,46,10,L,2,G,0.0,False,0.1,False
0,46,11,L,2,G,0.0,False,0.1,False
0,46,12,L,2,G,0.0,False,0.2,False
0,46,13,L,3,G,-0.0,False,-0.1,False
0,46,14,L,3,G,-0.0,False,0.2,False
0,46,15,L,3,G,-0.0,False,-0.1,False
0,46,16,L,3,G,0.0,False,0.0,False
0,46,17,L,4,G,0.0,False,0.1,False
0,46,18,L,4,G,0.0,False,0.1,False
0,46,19,L,4,G,0.0,False,0.0,False
0,46,20,L,4,G,-0.0,False,-0.1,False
0,47,1,F,1,G,0.2,False,-0.0,True
0,47,2,F,2,G,0.1,False,0.1,False
0,47,3,F,3,G,0.1,False,0.1,False
0,47,4,F,4,G,0.2,False,0.1,True
0,47,5,L,1,G,-0.0,False,-0.2,False
0,47,6,L,1,G,0.1,False,0.2,False
0,47,7,L,1,G,-0.0,False,-0.1,False
0,47,8,L,1,G,0.0,False,0.0,False
0,47,9,L,2,G,0.0,False,0.0,False
0,47,10,L,2,G,-0.0,False,-0.1,False
0,47,11,L,2,G,0.1,False,0.4,False
0,47,12,L,2,G,0.0,False,0.2,False
0,47,13,L,3,G,0.0,False,0.0,False
0,47,14,L,3,G,-0.1,False,-0.2,False
0,47,15,L,3,G,0.0,False,0.1,False
0,47,16,L,3,G,0.0,False,-0.1,False
0,47,17,L,4,G,0.0,False,0.1,False
0,47,18,L,4,G,-0.0,False,-0.2,False
0,47,19,L,4,G,0.0,False,0.0,False
0,47,20,L,4,G,-0.0,False,-0.1,False
0,48,1,F,1,G,0.2,False,-0.1,True
0,48,2,F,2,G,0.0,False,-0.2,False
0,48,3,F,3,G,0.1,False,0.3,False
0,48,4,F,4,G,0.1,False,-0.2,True
0,48,5,L,1,G,-0.0,False,-0.2,False
0,48,6,L,1,G,0.1,False,-0.1,False
0,48,7,L,1,G,-0.0,False,-0.1,False
0,48,8,L,1,G,0.0,False,0.1,False
0,48,9,L,2,G,0.0,False,0.1,False
0,48,10,L,2,G,0.0,False,0.2,False
0,48,11,L,2,G,0.0,False,-0.0,False
0,48,12,L,2,G,0.0,False,0.2,False
0,48,13,L,3,G,0.0,False,0.0,False
0,48,14,L,3,G,-0.0,False,-0.1,False
0,48,15,L,3,G,-0.0,False,-0.1,False
0,48,16,L,3,G,0.0,False,0.1,False
0,48,17,L,4,G,-0.0,False,-0.1,False
0,48,18,L,4,G,-0.0,False,-0.3,False
0,48,19,L,4,G,-0.0,False,-0.1,False
0,48,20,L,4,G,0.0,False,0.0,False
0,49,1,F,1,G,0.2,False,0.2,True
0,49,2,F,2,G,0.1,False,0.2,False
0,49,3,F,3,G,0.1,False,-0.1,True
0,49,4,F,4,G,0.1,False,-0.3,False
0,49,5,L,1,G,0.0,False,0.0,False
0,49,6,L,1,G,0.1,False,-0.2,False
0,49,7,L,1,G,0.0,False,0.0,False
0,49,8,L,1,G,-0.0,False,-0.1,False
0,49,9,L,2,G,0.0,False,0.0,False
0,49,10,L,2,G,0.0,False,0.0,False
0,49,11,L,2,G,-0.0,False,-0.2,False
0,49,12,L,2,G,-0.0,False,-0.1,False
0,49,13,L,3,G,0.0,False,0.2,False
0,49,14,L,3,G,-0.1,False,-0.3,False
0,49,15,L,3,G,0.0,False,0.1,False
0,49,16,L,3,G,0.0,False,-0.1,False
0,49,17,L,4,G,0.0,False,0.0,False
0,49,18,L,4,G,0.0,False,0.2,False
0,49,19,L,4,G,-0.0,False,-0.1,False
0,49,20,L,4,G,0.0,False,0.1,False
